Harvest_ID,Run_ID,B12,Temperature,Protein,Peptide,retention_time,peak_area_light,peak_area_heavy,ug_on_col
CMA-1-119-1,114_01A_05,+,4,MetH,ISGGISNLSFGFR,26.49,3.1E+04,5.9E+05,0.37
CMA-1-119-2,114_02A_08,+,4,MetH,ISGGISNLSFGFR,28.58,7.6E+04,5.0E+05,0.31
CMA-1-119-3,114_03A_11,+,4,MetH,ISGGISNLSFGFR,26.43,5.5E+04,3.4E+05,0.28
CMA-1-137-7,114_04A_14,-,4,MetH,ISGGISNLSFGFR,28.66,4.7E+04,3.5E+05,0.43
CMA-1-127-8,114_05A_17,-,4,MetH,ISGGISNLSFGFR,29.84,5.5E+04,4.7E+05,0.36
CMA-1-119-9,114_06A_20,-,4,MetH,ISGGISNLSFGFR,25.92,3.4E+04,2.8E+05,0.28
CMA-1-146-1,114_07A_24,+,12,MetH,ISGGISNLSFGFR,29.03,4.3E+04,5.1E+05,0.36
CMA-1-146-2,114_08A_27,+,12,MetH,ISGGISNLSFGFR,26.24,2.0E+04,3.5E+05,0.28
CMA-1-146-3,114_09A_30,+,12,MetH,ISGGISNLSFGFR,28.04,4.1E+04,4.5E+05,0.26
CMA-1-146-7,114_10A_33,-,12,MetH,ISGGISNLSFGFR,29.7,4.4E+04,4.9E+05,0.31
CMA-1-146-8,114_11A_36,-,12,MetH,ISGGISNLSFGFR,31.94,3.9E+04,5.2E+05,0.39
CMA-1-146-9,114_12A_39,-,12,MetH,ISGGISNLSFGFR,28.51,2.4E+04,4.7E+05,0.26
CMA-1-119-1,114_01A_05,+,4,MetE,VIQVDEPALR,18.98,1.1E+04,2.0E+06,0.37
CMA-1-119-2,114_02A_08,+,4,MetE,VIQVDEPALR,21.73,6.6E+04,2.9E+06,0.31
CMA-1-119-3,114_03A_11,+,4,MetE,VIQVDEPALR,19.61,2.2E+04,2.0E+06,0.28
CMA-1-137-7,114_04A_14,-,4,MetE,VIQVDEPALR,20.38,9.7E+05,2.1E+06,0.43
CMA-1-127-8,114_05A_17,-,4,MetE,VIQVDEPALR,23.65,1.1E+06,2.7E+06,0.36
CMA-1-119-9,114_06A_20,-,4,MetE,VIQVDEPALR,17.92,7.4E+05,2.4E+06,0.28
CMA-1-146-1,114_07A_24,+,12,MetE,VIQVDEPALR,23.13,4.9E+04,2.9E+06,0.36
CMA-1-146-2,114_08A_27,+,12,MetE,VIQVDEPALR,18.63,1.3E+04,2.2E+06,0.28
CMA-1-146-3,114_09A_30,+,12,MetE,VIQVDEPALR,21.22,5.0E+04,2.0E+06,0.26
CMA-1-146-7,114_10A_33,-,12,MetE,VIQVDEPALR,23.46,1.2E+06,3.7E+06,0.31
CMA-1-146-8,114_11A_36,-,12,MetE,VIQVDEPALR,27.44,8.6E+05,2.9E+06,0.39
CMA-1-146-9,114_12A_39,-,12,MetE,VIQVDEPALR,21.24,3.0E+05,2.3E+06,0.26
CMA-1-119-1,114_01A_05,+,4,ACT1,SFELPDGNIIVIGNER,29.35,3.5E+05,1.9E+05,0.37
CMA-1-119-2,114_02A_08,+,4,ACT1,SFELPDGNIIVIGNER,30.57,8.0E+05,1.5E+05,0.31
CMA-1-119-3,114_03A_11,+,4,ACT1,SFELPDGNIIVIGNER,29.35,5.6E+05,1.3E+05,0.28
CMA-1-137-7,114_04A_14,-,4,ACT1,SFELPDGNIIVIGNER,30.53,8.4E+05,1.1E+05,0.43
CMA-1-127-8,114_05A_17,-,4,ACT1,SFELPDGNIIVIGNER,31.53,8.4E+05,1.7E+05,0.36
CMA-1-119-9,114_06A_20,-,4,ACT1,SFELPDGNIIVIGNER,29.13,5.5E+05,1.1E+05,0.28
CMA-1-146-1,114_07A_24,+,12,ACT1,SFELPDGNIIVIGNER,30.81,7.0E+05,1.5E+05,0.36
CMA-1-146-2,114_08A_27,+,12,ACT1,SFELPDGNIIVIGNER,29.19,5.1E+05,1.0E+05,0.28
CMA-1-146-3,114_09A_30,+,12,ACT1,SFELPDGNIIVIGNER,30.16,4.7E+05,1.3E+05,0.26
CMA-1-146-7,114_10A_33,-,12,ACT1,SFELPDGNIIVIGNER,31.29,8.9E+05,1.7E+05,0.31
CMA-1-146-8,114_11A_36,-,12,ACT1,SFELPDGNIIVIGNER,32.89,7.7E+05,1.7E+05,0.39
CMA-1-146-9,114_12A_39,-,12,ACT1,SFELPDGNIIVIGNER,30.39,4.0E+05,1.7E+05,0.26
CMA-1-119-1,114_01A_05,+,4,RBCL,YESGVIPYAK,18.16,1.4E+06,2.3E+06,0.37
CMA-1-119-2,114_02A_08,+,4,RBCL,YESGVIPYAK,19.43,3.0E+06,2.8E+06,0.31
CMA-1-119-3,114_03A_11,+,4,RBCL,YESGVIPYAK,18.18,2.3E+06,2.3E+06,0.28
CMA-1-137-7,114_04A_14,-,4,RBCL,YESGVIPYAK,19.45,3.2E+06,2.3E+06,0.43
CMA-1-127-8,114_05A_17,-,4,RBCL,YESGVIPYAK,22.82,3.6E+06,2.9E+06,0.36
CMA-1-119-9,114_06A_20,-,4,RBCL,YESGVIPYAK,16.72,2.5E+06,2.6E+06,0.28
CMA-1-146-1,114_07A_24,+,12,RBCL,YESGVIPYAK,22.01,2.2E+06,3.0E+06,0.36
CMA-1-146-2,114_08A_27,+,12,RBCL,YESGVIPYAK,17.35,2.3E+06,2.4E+06,0.28
CMA-1-146-3,114_09A_30,+,12,RBCL,YESGVIPYAK,19.03,1.8E+06,2.2E+06,0.26
CMA-1-146-7,114_10A_33,-,12,RBCL,YESGVIPYAK,22.6,4.1E+06,3.7E+06,0.31
CMA-1-146-8,114_11A_36,-,12,RBCL,YESGVIPYAK,26.86,2.7E+06,3.2E+06,0.39
CMA-1-146-9,114_12A_39,-,12,RBCL,YESGVIPYAK,19.38,1.7E+06,2.7E+06,0.26